{"cameraMode":{"drawMode":0,"name":"Shaded","section":"Shading Mode"},"sceneLighting":true,"audioPlay":false,"sceneViewState":{"showFog":true,"showMaterialUpdate":false,"showSkybox":true,"showFlares":true,"showImageEffects":true,"showParticleSystems":true},"in2DMode":false,"pivot":{"x":-4.980432033538818,"y":11.40014934539795,"z":2.73158860206604},"rotation":{"x":-0.4286421537399292,"y":-0.12081510573625565,"z":0.05796084180474281,"w":-0.8934859037399292},"size":25.59962272644043,"orthographic":false}